{"cameraMode":{"drawMode":0,"name":"Shaded","section":"Shading Mode"},"sceneLighting":false,"audioPlay":false,"sceneViewState":{"showFog":false,"showMaterialUpdate":false,"showSkybox":false,"showFlares":false,"showImageEffects":false,"showParticleSystems":false},"in2DMode":false,"pivot":{"x":-33.542327880859378,"y":54.9066162109375,"z":7.816459655761719},"rotation":{"x":-0.031243208795785905,"y":-0.751736581325531,"z":0.6577586531639099,"w":-0.03615422919392586},"size":292.64068603515627,"orthographic":false}