{"cameraMode":{"drawMode":0,"name":"Shaded","section":"Shading Mode"},"sceneLighting":false,"audioPlay":false,"sceneViewState":{"showFog":false,"showMaterialUpdate":false,"showSkybox":false,"showFlares":false,"showImageEffects":false,"showParticleSystems":false},"in2DMode":false,"pivot":{"x":4.050000190734863,"y":1.1640419960021973,"z":-0.27950382232666018},"rotation":{"x":-0.13697625696659089,"y":0.18560084700584413,"z":-0.025754766538739206,"w":-0.9728540182113648},"size":2.000518560409546,"orthographic":false}