{"cameraMode":{"drawMode":0,"name":"Shaded","section":"Shading Mode"},"sceneLighting":false,"audioPlay":false,"sceneViewState":{"showFog":false,"showMaterialUpdate":false,"showSkybox":false,"showFlares":false,"showImageEffects":false,"showParticleSystems":false},"in2DMode":false,"pivot":{"x":-12.34862995147705,"y":31.210277557373048,"z":-37.76144790649414},"rotation":{"x":0.70033860206604,"y":0.0008116066455841064,"z":-0.00115084124263376,"w":0.713904082775116},"size":4.824667930603027,"orthographic":false}