{"cameraMode":{"drawMode":0,"name":"Shaded","section":"Shading Mode"},"sceneLighting":false,"audioPlay":false,"sceneViewState":{"showFog":false,"showMaterialUpdate":false,"showSkybox":false,"showFlares":false,"showImageEffects":false,"showParticleSystems":false},"in2DMode":false,"pivot":{"x":-10.09000015258789,"y":1.7599999904632569,"z":14.859999656677246},"rotation":{"x":0.1334380805492401,"y":-0.49668413400650027,"z":0.07731211185455322,"w":0.8543168306350708},"size":10.819774627685547,"orthographic":false}