{"cameraMode":{"drawMode":0,"name":"Shaded","section":"Shading Mode"},"sceneLighting":false,"audioPlay":false,"sceneViewState":{"showFog":false,"showMaterialUpdate":false,"showSkybox":false,"showFlares":false,"showImageEffects":false,"showParticleSystems":false},"in2DMode":false,"pivot":{"x":200.10000610351563,"y":0.7100000381469727,"z":66.19999694824219},"rotation":{"x":-0.03371523693203926,"y":-0.8549679517745972,"z":0.5146119594573975,"w":-0.05645812302827835},"size":27.232711791992189,"orthographic":false}