{"cameraMode":{"drawMode":0,"name":"Shaded","section":"Shading Mode"},"sceneLighting":false,"audioPlay":false,"sceneViewState":{"showFog":false,"showMaterialUpdate":false,"showSkybox":false,"showFlares":false,"showImageEffects":false,"showParticleSystems":false},"in2DMode":false,"pivot":{"x":-6.563436508178711,"y":0.09000003337860108,"z":-16.040164947509767},"rotation":{"x":0.005490215960890055,"y":0.9330949187278748,"z":-0.35955822467803957,"w":0.0136687271296978},"size":12.991523742675782,"orthographic":false}