{"cameraMode":{"drawMode":0,"name":"Shaded","section":"Shading Mode"},"sceneLighting":false,"audioPlay":false,"sceneViewState":{"showFog":false,"showMaterialUpdate":false,"showSkybox":false,"showFlares":false,"showImageEffects":false,"showParticleSystems":false},"in2DMode":false,"pivot":{"x":-4.234615325927734,"y":2.4200000762939455,"z":-21.918960571289064},"rotation":{"x":0.005490215960890055,"y":0.9330949187278748,"z":-0.35955822467803957,"w":0.0136687271296978},"size":8.156551361083985,"orthographic":false}