{"cameraMode":{"drawMode":0,"name":"Shaded","section":"Shading Mode"},"sceneLighting":false,"audioPlay":false,"sceneViewState":{"showFog":false,"showMaterialUpdate":false,"showSkybox":false,"showFlares":false,"showImageEffects":false,"showParticleSystems":false},"in2DMode":false,"pivot":{"x":299.2201843261719,"y":230.0,"z":-30.119997024536134},"rotation":{"x":-0.3749489188194275,"y":0.0010459549957886339,"z":-0.00010307974298484623,"w":-0.9271349310874939},"size":1401.31591796875,"orthographic":false}