{"cameraMode":{"drawMode":0,"name":"Shaded","section":"Shading Mode"},"sceneLighting":false,"audioPlay":false,"sceneViewState":{"showFog":false,"showMaterialUpdate":false,"showSkybox":false,"showFlares":false,"showImageEffects":false,"showParticleSystems":false},"in2DMode":false,"pivot":{"x":1.8748366832733155,"y":6.893163681030273,"z":-0.2643986940383911},"rotation":{"x":0.4533517062664032,"y":-0.297778457403183,"z":0.163600355386734,"w":0.8242354393005371},"size":8.259636878967286,"orthographic":false}