{"cameraMode":{"drawMode":0,"name":"Shaded","section":"Shading Mode"},"sceneLighting":false,"audioPlay":false,"sceneViewState":{"showFog":false,"showMaterialUpdate":false,"showSkybox":false,"showFlares":false,"showImageEffects":false,"showParticleSystems":false},"in2DMode":false,"pivot":{"x":21.58165740966797,"y":-3.5043182373046877,"z":-136.5784149169922},"rotation":{"x":-0.2713143825531006,"y":0.645083487033844,"z":-0.26281434297561648,"w":-0.6643603444099426},"size":21.792984008789064,"orthographic":false}