{"cameraMode":{"drawMode":0,"name":"Shaded","section":"Shading Mode"},"sceneLighting":false,"audioPlay":false,"sceneViewState":{"showFog":true,"showMaterialUpdate":false,"showSkybox":false,"showFlares":true,"showImageEffects":true,"showParticleSystems":true},"in2DMode":false,"pivot":{"x":-12.199999809265137,"y":29.899999618530275,"z":-38.0},"rotation":{"x":-0.7064841985702515,"y":0.06942838430404663,"z":-0.06993665546178818,"w":-0.7009804844856262},"size":8.414999961853028,"orthographic":false}