{"cameraMode":{"drawMode":0,"name":"Shaded","section":"Shading Mode"},"sceneLighting":true,"audioPlay":false,"sceneViewState":{"showFog":true,"showMaterialUpdate":false,"showSkybox":false,"showFlares":true,"showImageEffects":true,"showParticleSystems":true},"in2DMode":false,"pivot":{"x":-0.1637830138206482,"y":0.8575932383537293,"z":0.035169124603271487},"rotation":{"x":-0.2560892701148987,"y":-0.331610769033432,"z":0.09403298050165177,"w":-0.9031121730804443},"size":1.2353515625,"orthographic":false}