{"cameraMode":{"drawMode":0,"name":"Shaded","section":"Shading Mode"},"sceneLighting":false,"audioPlay":false,"sceneViewState":{"showFog":true,"showMaterialUpdate":false,"showSkybox":false,"showFlares":true,"showImageEffects":true,"showParticleSystems":true},"in2DMode":false,"pivot":{"x":-1.225000023841858,"y":1.0108367204666138,"z":-2.5144362449645998},"rotation":{"x":0.23091690242290498,"y":-0.41368722915649416,"z":0.10924135148525238,"w":0.8738822340965271},"size":0.571576714515686,"orthographic":false}