{"cameraMode":{"drawMode":0,"name":"Shaded","section":"Shading Mode"},"sceneLighting":false,"audioPlay":false,"sceneViewState":{"showFog":false,"showMaterialUpdate":false,"showSkybox":false,"showFlares":false,"showImageEffects":false,"showParticleSystems":false},"in2DMode":false,"pivot":{"x":4.542938232421875,"y":1.3451906442642213,"z":-0.4853171408176422},"rotation":{"x":-0.18376117944717408,"y":0.5540314316749573,"z":-0.12708544731140138,"w":-0.802061140537262},"size":4.457181453704834,"orthographic":false}