{"cameraMode":{"drawMode":0,"name":"Shaded","section":"Shading Mode"},"sceneLighting":false,"audioPlay":false,"sceneViewState":{"showFog":true,"showMaterialUpdate":false,"showSkybox":false,"showFlares":true,"showImageEffects":true,"showParticleSystems":true},"in2DMode":false,"pivot":{"x":0.025799989700317384,"y":0.4602999687194824,"z":2.4200000762939455},"rotation":{"x":0.020240729674696924,"y":0.9795158505439758,"z":-0.13036267459392548,"w":0.1522255539894104},"size":3.255577802658081,"orthographic":false}