{"cameraMode":{"drawMode":0,"name":"Shaded","section":"Shading Mode"},"sceneLighting":false,"audioPlay":false,"sceneViewState":{"showFog":true,"showMaterialUpdate":false,"showSkybox":false,"showFlares":true,"showImageEffects":true,"showParticleSystems":true},"in2DMode":false,"pivot":{"x":-8.716733932495118,"y":2.5183920860290529,"z":15.006511688232422},"rotation":{"x":0.07153026759624481,"y":-0.8687958717346191,"z":0.13156063854694367,"w":0.47209662199020388},"size":7.101389408111572,"orthographic":false}