{"cameraMode":{"drawMode":0,"name":"Shaded","section":"Shading Mode"},"sceneLighting":false,"audioPlay":false,"sceneViewState":{"showFog":false,"showMaterialUpdate":false,"showSkybox":false,"showFlares":false,"showImageEffects":false,"showParticleSystems":false},"in2DMode":false,"pivot":{"x":11.372894287109375,"y":0.07800006866455078,"z":-2.08651065826416},"rotation":{"x":0.005490215960890055,"y":0.9330949187278748,"z":-0.35955822467803957,"w":0.0136687271296978},"size":26.05765151977539,"orthographic":false}